{
    "name": "root",
    "metadata": {
        "timer_format_version": "0.1.0",
        "start_time_seconds": "1680837754",
        "python_version": "3.9.12 (tags/v3.9.12:b28265d, Mar 23 2022, 23:52:46) [MSC v.1929 64 bit (AMD64)]",
        "command_line_arguments": "C:\\Users\\jhkwa\\AppData\\Local\\Programs\\Python\\Python39\\Scripts\\mlagents-learn KartAgent.yaml --run-id=Kart1",
        "mlagents_version": "0.30.0",
        "mlagents_envs_version": "0.30.0",
        "communication_protocol_version": "1.5.0",
        "pytorch_version": "1.7.1+cu110",
        "numpy_version": "1.21.2",
        "end_time_seconds": "1680837779"
    },
    "total": 24.7940146,
    "count": 1,
    "self": 0.013400800000002988,
    "children": {
        "run_training.setup": {
            "total": 0.10047049999999924,
            "count": 1,
            "self": 0.10047049999999924
        },
        "TrainerController.start_learning": {
            "total": 24.680143299999997,
            "count": 1,
            "self": 0.022298300000020532,
            "children": {
                "TrainerController._reset_env": {
                    "total": 9.2300495,
                    "count": 1,
                    "self": 9.2300495
                },
                "TrainerController.advance": {
                    "total": 15.16469289999998,
                    "count": 387,
                    "self": 0.0045460000000172585,
                    "children": {
                        "env_step": {
                            "total": 15.160146899999964,
                            "count": 387,
                            "self": 14.810363999999957,
                            "children": {
                                "SubprocessEnvManager._take_step": {
                                    "total": 0.3458425000000176,
                                    "count": 387,
                                    "self": 0.02252510000003305,
                                    "children": {
                                        "TorchPolicy.evaluate": {
                                            "total": 0.32331739999998454,
                                            "count": 387,
                                            "self": 0.32331739999998454
                                        }
                                    }
                                },
                                "workers": {
                                    "total": 0.003940399999988742,
                                    "count": 386,
                                    "self": 0.0,
                                    "children": {
                                        "worker_root": {
                                            "total": 3.0089085999999945,
                                            "count": 386,
                                            "is_parallel": true,
                                            "self": 0.7224362000000077,
                                            "children": {
                                                "steps_from_proto": {
                                                    "total": 0.0035407999999996775,
                                                    "count": 1,
                                                    "is_parallel": true,
                                                    "self": 9.639999999677684e-05,
                                                    "children": {
                                                        "_process_rank_one_or_two_observation": {
                                                            "total": 0.0034444000000029007,
                                                            "count": 6,
                                                            "is_parallel": true,
                                                            "self": 0.0034444000000029007
                                                        }
                                                    }
                                                },
                                                "UnityEnvironment.step": {
                                                    "total": 2.282931599999987,
                                                    "count": 386,
                                                    "is_parallel": true,
                                                    "self": 0.030625699999982103,
                                                    "children": {
                                                        "UnityEnvironment._generate_step_input": {
                                                            "total": 0.023859599999981995,
                                                            "count": 386,
                                                            "is_parallel": true,
                                                            "self": 0.023859599999981995
                                                        },
                                                        "communicator.exchange": {
                                                            "total": 2.1291998000000145,
                                                            "count": 386,
                                                            "is_parallel": true,
                                                            "self": 2.1291998000000145
                                                        },
                                                        "steps_from_proto": {
                                                            "total": 0.09924650000000845,
                                                            "count": 386,
                                                            "is_parallel": true,
                                                            "self": 0.03492289999999443,
                                                            "children": {
                                                                "_process_rank_one_or_two_observation": {
                                                                    "total": 0.06432360000001403,
                                                                    "count": 2316,
                                                                    "is_parallel": true,
                                                                    "self": 0.06432360000001403
                                                                }
                                                            }
                                                        }
                                                    }
                                                }
                                            }
                                        }
                                    }
                                }
                            }
                        }
                    }
                },
                "trainer_threads": {
                    "total": 2.999999999886427e-05,
                    "count": 1,
                    "self": 2.999999999886427e-05,
                    "children": {
                        "thread_root": {
                            "total": 0.0,
                            "count": 0,
                            "is_parallel": true,
                            "self": 0.0,
                            "children": {
                                "trainer_advance": {
                                    "total": 15.154395299999948,
                                    "count": 1015,
                                    "is_parallel": true,
                                    "self": 0.05584579999999839,
                                    "children": {
                                        "process_trajectory": {
                                            "total": 15.09854949999995,
                                            "count": 1015,