{
    "name": "root",
    "gauges": {
        "KartAgent.Policy.Entropy.mean": {
            "value": 1.1711742877960205,
            "min": 1.1711742877960205,
            "max": 1.4189382791519165,
            "count": 38
        },
        "KartAgent.Policy.Entropy.sum": {
            "value": 10634.2626953125,
            "min": 474.0921325683594,
            "max": 28378.765625,
            "count": 38
        },
        "KartAgent.Environment.EpisodeLength.mean": {
            "value": 915.5454545454545,
            "min": 229.0,
            "max": 2437.0,
            "count": 36
        },
        "KartAgent.Environment.EpisodeLength.sum": {
            "value": 10071.0,
            "min": 229.0,
            "max": 18127.0,
            "count": 36
        },
        "KartAgent.Step.mean": {
            "value": 379650.0,
            "min": 9946.0,
            "max": 379650.0,
            "count": 38
        },
        "KartAgent.Step.sum": {
            "value": 379650.0,
            "min": 9946.0,
            "max": 379650.0,
            "count": 38
        },
        "KartAgent.Policy.ExtrinsicValueEstimate.mean": {
            "value": -0.00714412285014987,
            "min": -0.032642390578985214,
            "max": 0.012236904352903366,
            "count": 38
        },
        "KartAgent.Policy.ExtrinsicValueEstimate.sum": {
            "value": -0.1000177189707756,
            "min": -0.7232835292816162,
            "max": 0.256974995136261,
            "count": 38
        },
        "KartAgent.Policy.GailValueEstimate.mean": {
            "value": 14.850214004516602,
            "min": -0.006932015996426344,
            "max": 24.049835205078125,
            "count": 38
        },
        "KartAgent.Policy.GailValueEstimate.sum": {
            "value": 207.9029998779297,
            "min": -0.2842126488685608,
            "max": 686.763671875,
            "count": 38
        },
        "KartAgent.Environment.CumulativeReward.mean": {
            "value": 0.375,
            "min": -0.7857142857142857,
            "max": 1.0333333333333334,
            "count": 38
        },
        "KartAgent.Environment.CumulativeReward.sum": {
            "value": 3.0,
            "min": -19.5,
            "max": 15.5,
            "count": 38
        },
        "KartAgent.Policy.ExtrinsicReward.mean": {
            "value": 0.03749999916180968,
            "min": -0.07857142787958894,
            "max": 0.10333333387970925,
            "count": 38
        },
        "KartAgent.Policy.ExtrinsicReward.sum": {
            "value": 0.29999999329447746,
            "min": -1.9500000327825546,
            "max": 1.5500000081956387,
            "count": 38
        },
        "KartAgent.Policy.GailReward.mean": {
            "value": 65.73924338072538,
            "min": 35.91545212268829,
            "max": 290.1076430082321,
            "count": 38
        },
        "KartAgent.Policy.GailReward.sum": {
            "value": 525.9139470458031,
            "min": 359.15452122688293,
            "max": 4122.71813121438,
            "count": 38
        },
        "KartAgent.IsTraining.mean": {
            "value": 1.0,
            "min": 1.0,
            "max": 1.0,
            "count": 38
        },
        "KartAgent.IsTraining.sum": {
            "value": 1.0,
            "min": 1.0,
            "max": 1.0,
            "count": 38
        },
        "KartAgent.Losses.PolicyLoss.mean": {
            "value": 0.06737569103147273,
            "min": 0.06737569103147273,
            "max": 0.07480670331565964,
            "count": 30
        },
        "KartAgent.Losses.PolicyLoss.sum": {
            "value": 0.06737569103147273,
            "min": 0.06737569103147273,
            "max": 0.07480670331565964,
            "count": 30
        },
        "KartAgent.Losses.ValueLoss.mean": {
            "value": 0.757374298140447,
            "min": 0.757374298140447,
            "max": 23.776108795660164,
            "count": 30
        },
        "KartAgent.Losses.ValueLoss.sum": {
            "value": 0.757374298140447,
            "min": 0.757374298140447,
            "max": 23.776108795660164,
            "count": 30
        },
        "KartAgent.Policy.LearningRate.mean": {
            "value": 0.0002998861095379634,
            "min": 0.0002998861095379634,
            "max": 0.0002999963736012088,
            "count": 30
        },
        "KartAgent.Policy.LearningRate.sum": {
            "value": 0.0002998861095379634,
            "min": 0.0002998861095379634,
            "max": 0.0002999963736012088,
            "count": 30
        },
        "KartAgent.Policy.Epsilon.mean": {
            "value": 0.19996203650000005,
            "min": 0.19996203650000005,
            "max": 0.19999879120000003,
            "count": 30
        },
        "KartAgent.Policy.Epsilon.sum": {
            "value": 0.19996203650000005,
            "min": 0.19996203650000005,
            "max": 0.19999879120000003,
            "count": 30
        },
        "KartAgent.Policy.Beta.mean": {
            "value": 0.0009996241613500002,
            "min": 0.0009996241613500002,
            "max": 0.0009999880328799998,
            "count": 30
        },
        "KartAgent.Policy.Beta.sum": {
            "value": 0.0009996241613500002,
            "min": 0.0009996241613500002,
            "max": 0.0009999880328799998,
            "count": 30
        },
        "KartAgent.Policy.GAILPolicyEstimate.mean": {
            "value": 0.10912529058088132,
            "min": 0.06796469376765873,
            "max": 0.27290735304355623,
            "count": 30
        },
        "KartAgent.Policy.GAILPolicyEstimate.sum": {
            "value": 0.10912529058088132,
            "min": 0.06796469376765873,
            "max": 0.27290735304355623,
            "count": 30
        },
        "KartAgent.Policy.GAILExpertEstimate.mean": {
            "value": 0.8799071964532702,
            "min": 0.7244275798896949,
            "max": 0.901451714946039,
            "count": 30
        },
        "KartAgent.Policy.GAILExpertEstimate.sum": {
            "value": 0.8799071964532702,
            "min": 0.7244275798896949,
            "max": 0.901451714946039,
            "count": 30
        },
        "KartAgent.Losses.GAILLoss.mean": {
            "value": 0.3008941044490835,
            "min": 0.17956415306097306,
            "max": 0.6976037490367889,
            "count": 30
        },
        "KartAgent.Losses.GAILLoss.sum": {
            "value": 0.3008941044490835,
            "min": 0.17956415306097306,
            "max": 0.6976037490367889,
            "count": 30
        },
        "KartAgent.Policy.GAILGradMagLoss.mean": {
            "value": 0.04020100679036563,
            "min": 0.035676568134389006,
            "max": 2.812333148258428,
            "count": 30
        },
        "KartAgent.Policy.GAILGradMagLoss.sum": {
            "value": 0.04020100679036563,
            "min": 0.035676568134389006,
            "max": 2.812333148258428,
            "count": 30
        },
        "KartAgent.Losses.PretrainingLoss.mean": {
            "value": 0.7637831701172723,
            "min": 0.745607766840193,
            "max": 1.1613767329189513,
            "count": 30
        },
        "KartAgent.Losses.PretrainingLoss.sum": {
            "value": 0.7637831701172723,
            "min": 0.745607766840193,
            "max": 1.1613767329189513,
            "count": 30
        }
    },
    "metadata": {
        "timer_format_version": "0.1.0",
        "start_time_seconds": "1680932898",
        "python_version": "3.9.12 (tags/v3.9.12:b28265d, Mar 23 2022, 23:52:46) [MSC v.1929 64 bit (AMD64)]",
        "command_line_arguments": "C:\\Users\\jhkwa\\AppData\\Local\\Programs\\Python\\Python39\\Scripts\\mlagents-learn KartAgent.yaml --run-id=Kart24",
        "mlagents_version": "0.30.0",
        "mlagents_envs_version": "0.30.0",
        "communication_protocol_version": "1.5.0",