{"count":1,"self":5.4575216,"total":29.782322999999998,"children":{"InitializeActuators":{"count":120,"self":0.0035074,"total":0.0035074,"children":null},"InitializeSensors":{"count":120,"self":0.0055067,"total":0.0055067,"children":null},"AgentSendState":{"count":1217,"self":1.2366295,"total":9.6124245999999989,"children":{"CollectObservations":{"count":29280,"self":0.11698009999999999,"total":0.11698009999999999,"children":null},"WriteActionMask":{"count":29280,"self":0.0322804,"total":0.0322804,"children":null},"RequestDecision":{"count":29280,"self":0.13757809999999998,"total":8.226534599999999,"children":{"AgentInfo.ToProto":{"count":29280,"self":0.1343228,"total":8.0889565,"children":{"GenerateSensorData":{"count":29280,"self":7.8686095999999992,"total":7.9546337,"children":{"RayPerceptionSensor.Perceive":{"count":58560,"self":0.086024099999999992,"total":0.086024099999999992,"children":null}}}}}}}}},"DecideAction":{"count":1217,"self":14.2843504,"total":14.284351099999999,"children":null},"AgentAct":{"count":1217,"self":0.1663091,"total":0.1663091,"children":null},"AgentInfo.ToProto":{"count":581,"self":0.0055045,"total":0.2506987,"children":{"GenerateSensorData":{"count":581,"self":0.2441918,"total":0.2451942,"children":{"RayPerceptionSensor.Perceive":{"count":1162,"self":0.0010023999999999999,"total":0.0010023999999999999,"children":null}}}}}},"gauges":{"KartAgent.CumulativeReward":{"count":581,"max":2,"min":-1,"runningAverage":-0.177280456,"value":0,"weightedAverage":0.0881134048}},"metadata":{"timer_format_version":"0.1.0","start_time_seconds":"1680846536","unity_version":"2021.3.16f1","command_line_arguments":"C:\\Program Files\\Unity\\Hub\\Editor\\2021.3.16f1\\Editor\\Unity.exe -projectpath C:\\Users\\jhkwa\\Documents\\unity_lab\\Lab6 v.2 -useHub -hubIPC -cloudEnvironment production","communication_protocol_version":"1.5.0","com.unity.ml-agents_version":"2.3.0-exp.4","scene_name":"SampleScene","end_time_seconds":"1680846566"}}