{
    "name": "root",
    "gauges": {
        "KartAgent.Policy.Entropy.mean": {
            "value": 1.4126520156860352,
            "min": 1.4126520156860352,
            "max": 1.4189382791519165,
            "count": 2
        },
        "KartAgent.Policy.Entropy.sum": {
            "value": 15087.1240234375,
            "min": 15087.1240234375,
            "max": 24519.25390625,
            "count": 2
        },
        "KartAgent.Environment.EpisodeLength.mean": {
            "value": 52.81614349775785,
            "min": 35.62537764350453,
            "max": 52.81614349775785,
            "count": 2
        },
        "KartAgent.Environment.EpisodeLength.sum": {
            "value": 11778.0,
            "min": 11778.0,
            "max": 11792.0,
            "count": 2
        },
        "KartAgent.Step.mean": {
            "value": 23935.0,
            "min": 11979.0,
            "max": 23935.0,
            "count": 2
        },
        "KartAgent.Step.sum": {
            "value": 23935.0,
            "min": 11979.0,
            "max": 23935.0,
            "count": 2
        },
        "KartAgent.Policy.ExtrinsicValueEstimate.mean": {
            "value": -0.11846978217363358,
            "min": -0.11846978217363358,
            "max": -0.036346353590488434,
            "count": 2
        },
        "KartAgent.Policy.ExtrinsicValueEstimate.sum": {
            "value": -26.41876220703125,
            "min": -26.41876220703125,
            "max": -11.92160415649414,
            "count": 2
        },
        "KartAgent.Environment.CumulativeReward.mean": {
            "value": 0.1210762331838565,
            "min": -0.4054878048780488,
            "max": 0.1210762331838565,
            "count": 2
        },
        "KartAgent.Environment.CumulativeReward.sum": {
            "value": 27.0,
            "min": -133.0,
            "max": 27.0,
            "count": 2
        },
        "KartAgent.Policy.ExtrinsicReward.mean": {
            "value": 0.1210762331838565,
            "min": -0.4054878048780488,
            "max": 0.1210762331838565,
            "count": 2
        },
        "KartAgent.Policy.ExtrinsicReward.sum": {
            "value": 27.0,
            "min": -133.0,
            "max": 27.0,
            "count": 2
        },
        "KartAgent.IsTraining.mean": {
            "value": 1.0,
            "min": 1.0,
            "max": 1.0,
            "count": 2
        },
        "KartAgent.IsTraining.sum": {
            "value": 1.0,
            "min": 1.0,
            "max": 1.0,
            "count": 2
        },
        "KartAgent.Losses.PolicyLoss.mean": {
            "value": 0.07208453993875497,
            "min": 0.07208453993875497,
            "max": 0.07208453993875497,
            "count": 1
        },
        "KartAgent.Losses.PolicyLoss.sum": {
            "value": 0.07208453993875497,
            "min": 0.07208453993875497,
            "max": 0.07208453993875497,
            "count": 1
        },
        "KartAgent.Losses.ValueLoss.mean": {
            "value": 0.17683728442530428,
            "min": 0.17683728442530428,
            "max": 0.17683728442530428,
            "count": 1
        },
        "KartAgent.Losses.ValueLoss.sum": {
            "value": 0.17683728442530428,
            "min": 0.17683728442530428,
            "max": 0.17683728442530428,
            "count": 1
        },
        "KartAgent.Policy.LearningRate.mean": {
            "value": 0.00029999272620242454,
            "min": 0.00029999272620242454,
            "max": 0.00029999272620242454,
            "count": 1
        },
        "KartAgent.Policy.LearningRate.sum": {
            "value": 0.00029999272620242454,
            "min": 0.00029999272620242454,
            "max": 0.00029999272620242454,
            "count": 1
        },
        "KartAgent.Policy.Epsilon.mean": {
            "value": 0.19999757540000007,
            "min": 0.19999757540000007,
            "max": 0.19999757540000007,
            "count": 1
        },
        "KartAgent.Policy.Epsilon.sum": {
            "value": 0.19999757540000007,
            "min": 0.19999757540000007,
            "max": 0.19999757540000007,
            "count": 1
        },
        "KartAgent.Policy.Beta.mean": {
            "value": 0.00099997599646,
            "min": 0.00099997599646,
            "max": 0.00099997599646,
            "count": 1
        },
        "KartAgent.Policy.Beta.sum": {
            "value": 0.00099997599646,
            "min": 0.00099997599646,
            "max": 0.00099997599646,
            "count": 1
        }
    },
    "metadata": {
        "timer_format_version": "0.1.0",
        "start_time_seconds": "1680846531",
        "python_version": "3.9.12 (tags/v3.9.12:b28265d, Mar 23 2022, 23:52:46) [MSC v.1929 64 bit (AMD64)]",
        "command_line_arguments": "C:\\Users\\jhkwa\\AppData\\Local\\Programs\\Python\\Python39\\Scripts\\mlagents-learn KartAgent.yaml --run-id=Kart8",
        "mlagents_version": "0.30.0",
        "mlagents_envs_version": "0.30.0",
        "communication_protocol_version": "1.5.0",
        "pytorch_version": "1.7.1+cu110",
        "numpy_version": "1.21.2",
        "end_time_seconds": "1680846571"
    },
    "total": 40.1325845,
    "count": 1,
    "self": 0.006141299999995908,
    "children": {
        "run_training.setup": {
            "total": 0.07511729999999983,
            "count": 1,
            "self": 0.07511729999999983
        },
        "TrainerController.start_learning": {
            "total": 40.0513259,
            "count": 1,
            "self": 0.026046399999991365,
            "children": {
                "TrainerController._reset_env": {
                    "total": 5.5239459,
                    "count": 1,
                    "self": 5.5239459
                },
                "TrainerController.advance": {
                    "total": 34.390174400000014,
                    "count": 599,
                    "self": 0.010922300000046903,
                    "children": {
                        "env_step": {
                            "total": 34.37925209999997,
                            "count": 599,
                            "self": 32.06947250000001,
                            "children": {
                                "SubprocessEnvManager._take_step": {
                                    "total": 2.298674899999959,
                                    "count": 599,
                                    "self": 0.056112699999999016,
                                    "children": {
                                        "TorchPolicy.evaluate": {
                                            "total": 2.24256219999996,
                                            "count": 241,
                                            "self": 2.24256219999996
                                        }
                                    }
                                },
                                "workers": {
                                    "total": 0.01110469999999708,
                                    "count": 598,
                                    "self": 0.0,
                                    "children": {
                                        "worker_root": {
                                            "total": 28.924351799999975,
                                            "count": 598,
                                            "is_parallel": true,
                                            "self": 9.272232099999954,
                                            "children": {
                                                "steps_from_proto": {
                                                    "total": 0.0018646999999996083,
                                                    "count": 1,
                                                    "is_parallel": true,
                                                    "self": 0.00025439999999843366,