{
    "name": "root",
    "gauges": {
        "KartAgent.Policy.Entropy.mean": {
            "value": 1.186650037765503,
            "min": 1.186650037765503,
            "max": 1.4189382791519165,
            "count": 58
        },
        "KartAgent.Policy.Entropy.sum": {
            "value": 12958.21875,
            "min": 571.270751953125,
            "max": 28435.5234375,
            "count": 58
        },
        "KartAgent.Environment.EpisodeLength.mean": {
            "value": 787.2666666666667,
            "min": 107.0,
            "max": 1730.0,
            "count": 57
        },
        "KartAgent.Environment.EpisodeLength.sum": {
            "value": 11809.0,
            "min": 107.0,
            "max": 18901.0,
            "count": 57
        },
        "KartAgent.Step.mean": {
            "value": 579818.0,
            "min": 9626.0,
            "max": 579818.0,
            "count": 58
        },
        "KartAgent.Step.sum": {
            "value": 579818.0,
            "min": 9626.0,
            "max": 579818.0,
            "count": 58
        },
        "KartAgent.Policy.ExtrinsicValueEstimate.mean": {
            "value": -0.02955140359699726,
            "min": -0.060044195502996445,
            "max": 0.058599699288606644,
            "count": 58
        },
        "KartAgent.Policy.ExtrinsicValueEstimate.sum": {
            "value": -0.5319252610206604,
            "min": -1.7062419652938843,
            "max": 1.1719939708709717,
            "count": 58
        },
        "KartAgent.Policy.GailValueEstimate.mean": {
            "value": 9.971607208251953,
            "min": -0.008219415321946144,
            "max": 17.16446304321289,
            "count": 58
        },
        "KartAgent.Policy.GailValueEstimate.sum": {
            "value": 179.4889373779297,
            "min": -0.32877662777900696,
            "max": 382.43487548828125,
            "count": 58
        },
        "KartAgent.Environment.CumulativeReward.mean": {
            "value": 0.2857142857142857,
            "min": -0.7307692307692307,
            "max": 0.8333333333333334,
            "count": 58
        },
        "KartAgent.Environment.CumulativeReward.sum": {
            "value": 4.0,
            "min": -19.5,
            "max": 11.5,
            "count": 58
        },
        "KartAgent.Policy.ExtrinsicReward.mean": {
            "value": 0.2857142857142857,
            "min": -0.7307692307692307,
            "max": 0.8333333333333334,
            "count": 58
        },
        "KartAgent.Policy.ExtrinsicReward.sum": {
            "value": 4.0,
            "min": -19.5,
            "max": 11.5,
            "count": 58
        },
        "KartAgent.Policy.GailReward.mean": {
            "value": 161.1476827710867,
            "min": 7.351165797975328,
            "max": 172.45890413487658,
            "count": 58
        },
        "KartAgent.Policy.GailReward.sum": {
            "value": 2256.0675587952137,
            "min": 66.16049218177795,
            "max": 3621.9052342176437,
            "count": 58
        },
        "KartAgent.IsTraining.mean": {
            "value": 1.0,
            "min": 1.0,
            "max": 1.0,
            "count": 58
        },
        "KartAgent.IsTraining.sum": {
            "value": 1.0,
            "min": 1.0,
            "max": 1.0,
            "count": 58
        },
        "KartAgent.Losses.PolicyLoss.mean": {
            "value": 0.06841707517703374,
            "min": 0.06400894401711411,
            "max": 0.07998337794808273,
            "count": 46
        },
        "KartAgent.Losses.PolicyLoss.sum": {
            "value": 0.06841707517703374,
            "min": 0.06400894401711411,
            "max": 0.07998337794808273,
            "count": 46
        },
        "KartAgent.Losses.ValueLoss.mean": {
            "value": 0.12350117028380433,
            "min": 0.09290887556733593,
            "max": 9.400909093637315,
            "count": 46
        },
        "KartAgent.Losses.ValueLoss.sum": {
            "value": 0.12350117028380433,
            "min": 0.09290887556733593,
            "max": 9.400909093637315,
            "count": 46
        },
        "KartAgent.Policy.LearningRate.mean": {
            "value": 0.0002998283736572087,
            "min": 0.0002998283736572087,
            "max": 0.00029999561220146265,
            "count": 46
        },
        "KartAgent.Policy.LearningRate.sum": {
            "value": 0.0002998283736572087,
            "min": 0.0002998283736572087,
            "max": 0.00029999561220146265,
            "count": 46
        },
        "KartAgent.Policy.Epsilon.mean": {
            "value": 0.19994279120000005,
            "min": 0.19994279120000005,
            "max": 0.19999853739999998,
            "count": 46
        },
        "KartAgent.Policy.Epsilon.sum": {
            "value": 0.19994279120000005,
            "min": 0.19994279120000005,
            "max": 0.19999853739999998,
            "count": 46
        },
        "KartAgent.Policy.Beta.mean": {
            "value": 0.00099943363288,
            "min": 0.00099943363288,
            "max": 0.0009999855202600001,
            "count": 46
        },
        "KartAgent.Policy.Beta.sum": {
            "value": 0.00099943363288,
            "min": 0.00099943363288,
            "max": 0.0009999855202600001,
            "count": 46
        },
        "KartAgent.Policy.GAILPolicyEstimate.mean": {
            "value": 0.0995794618005554,
            "min": 0.048308873201409974,
            "max": 0.268696322339297,
            "count": 46
        },
        "KartAgent.Policy.GAILPolicyEstimate.sum": {
            "value": 0.0995794618005554,
            "min": 0.048308873201409974,
            "max": 0.268696322339297,
            "count": 46
        },
        "KartAgent.Policy.GAILExpertEstimate.mean": {
            "value": 0.9101042340199152,
            "min": 0.7475783136101137,
            "max": 0.9240190535783768,
            "count": 46
        },
        "KartAgent.Policy.GAILExpertEstimate.sum": {
            "value": 0.9101042340199152,
            "min": 0.7475783136101137,
            "max": 0.9240190535783768,
            "count": 46
        },
        "KartAgent.Losses.GAILLoss.mean": {
            "value": 0.2643002513051033,
            "min": 0.1306307086845239,
            "max": 0.6524256695236385,
            "count": 46
        },
        "KartAgent.Losses.GAILLoss.sum": {
            "value": 0.2643002513051033,
            "min": 0.1306307086845239,
            "max": 0.6524256695236385,
            "count": 46
        },
        "KartAgent.Policy.GAILGradMagLoss.mean": {
            "value": 0.03705294093427559,
            "min": 0.02953332740640363,
            "max": 2.3267665134522213,
            "count": 46
        },
        "KartAgent.Policy.GAILGradMagLoss.sum": {
            "value": 0.03705294093427559,
            "min": 0.02953332740640363,
            "max": 2.3267665134522213,
            "count": 46
        },
        "KartAgent.Losses.PretrainingLoss.mean": {
            "value": 0.7619083291954465,
            "min": 0.7619083291954465,
            "max": 1.1532140374183655,
            "count": 46
        },
        "KartAgent.Losses.PretrainingLoss.sum": {
            "value": 0.7619083291954465,
            "min": 0.7619083291954465,
            "max": 1.1532140374183655,
            "count": 46
        }
    },
    "metadata": {
        "timer_format_version": "0.1.0",
        "start_time_seconds": "1680931663",
        "python_version": "3.9.12 (tags/v3.9.12:b28265d, Mar 23 2022, 23:52:46) [MSC v.1929 64 bit (AMD64)]",
        "command_line_arguments": "C:\\Users\\jhkwa\\AppData\\Local\\Programs\\Python\\Python39\\Scripts\\mlagents-learn KartAgent.yaml --run-id=Kart22",
        "mlagents_version": "0.30.0",
        "mlagents_envs_version": "0.30.0",
        "communication_protocol_version": "1.5.0",
        "pytorch_version": "1.7.1+cu110",